{"cameraMode":{"drawMode":0,"name":"Shaded","section":"Shading Mode"},"sceneLighting":true,"audioPlay":false,"sceneViewState":{"m_AlwaysRefresh":false,"showFog":true,"showSkybox":true,"showFlares":true,"showImageEffects":true,"showParticleSystems":true,"showVisualEffectGraphs":true,"m_FxEnabled":true},"in2DMode":false,"pivot":{"x":-11.464174270629883,"y":4.679186820983887,"z":28.815139770507814},"rotation":{"x":-0.010170366615056992,"y":-0.06146317347884178,"z":-0.0006269204895943403,"w":0.9980613589286804},"size":24.60809326171875,"orthographic":true}